{"temperature": 23.0, "humidity": 54, "brightness": 124.94044596354166, "mood": "Cozy (\ucf8c\uc801)", "timestamp": 1763833658.9040327}